CustomerID,Name,Email,SignupDate,Country,Age,SpendingScore,AnnualIncome,IsSubscribed
e7e55a25-589d-44f7-b86a-c5f85ebcfe3e,Edward Stevenson,ericaowen@miller-ferrell.com,2025-03-31,Comoros,18,17,60427,False
1366b9fb-51d9-4e9c-b3a6-36022e1d0c9d,Scott Campbell,ifisher@hotmail.com,2024-08-09,Panama,52,55,67669,False
341abcf8-94ff-4127-9e40-a6de8dc84a40,Mr. George Stafford,dylan81@hotmail.com,2023-08-02,Hungary,20,61,105230,False
c76ab336-2b6f-4087-9d1b-14a541286564,Mr. David Smith,xperry@hotmail.com,2023-11-08,Canada,68,22,39006,False
3c779088-6e9a-42e8-a45c-33053ad192e2,Taylor Ferguson,bakereric@mathis.com,2025-02-07,Brunei Darussalam,55,50,25645,True
33fb9b8e-dca2-4065-9529-fed4b17dad9b,Michael Lewis,richardyoung@hotmail.com,2023-12-25,Burundi,47,94,91656,False
fcd874ad-063f-48d6-ae6c-341e8b6a9da0,Sarah Randolph,gschmidt@yahoo.com,2023-11-12,Taiwan,28,38,42723,True
4f50c324-76e3-44bb-9f45-0f2a343add5f,Luis Mcbride,hayden33@love.com,2024-03-30,Venezuela,62,3,95746,False
05929f6e-468b-44e1-98d2-3ec5275b9489,Charles Rogers MD,amccormick@gmail.com,2025-02-12,Antarctica (the territory South of 60 deg S),26,53,56217,True
a4fbfa33-fa20-4548-ad4c-40658f150ffe,James Richards,lisa45@hotmail.com,2024-06-28,Belize,28,44,52973,True
9fa2b4f5-9ba5-49e3-82c1-f326c0a98df5,Michael Mckay,gabriel72@johnson.biz,2024-03-16,Congo,33,45,66702,True
59bcfcd0-25ee-4f8d-a676-5a8d633617f7,Sheila Valencia,katherine45@robinson.biz,2025-04-17,New Zealand,34,64,99182,True
1c6b1a44-8b45-4c7f-9d8b-e5cd4e66e26c,Jessica Martinez,michaelgreene@gmail.com,2023-08-27,Heard Island and McDonald Islands,26,82,115598,True
acbec0a2-81f2-41ca-b382-ea69ea1e241b,Sue Graham,ipena@jordan-booker.info,2025-03-23,Dominica,58,68,94086,True
363183ec-4a6f-43dc-b1f1-44b5413449c0,Michael Campbell,hwilliams@gmail.com,2025-01-31,Cook Islands,41,22,116597,False
01747532-4ebb-40d4-a6f8-8742e0b4cbc0,Darryl Summers,daniel44@gmail.com,2025-01-06,Sierra Leone,46,73,40720,False
5d7486f1-97f2-4e8d-a12a-374f99e8ed7f,James Cherry,paynejustin@gmail.com,2023-09-14,Palestinian Territory,28,44,72546,False
9a35533b-7045-42ad-b9fb-7eae322f89ae,Joshua Richards,michaelcarr@hutchinson.info,2025-02-10,Gambia,69,82,116884,False
7f6ade7a-828f-43b5-9b92-a251b971496e,Jason Blackwell,uadams@harris.com,2023-10-01,Bulgaria,68,44,94083,True
4848a478-aa7b-4f92-9c86-b1a071530bc1,Sarah Randall,rachelward@rasmussen.biz,2024-12-19,Uzbekistan,52,5,99711,True
4bc774a7-464d-477e-a885-bc0dab4806ca,Rebecca Richardson,lawrence02@yahoo.com,2024-05-09,Seychelles,39,8,119325,True
5fdaf3e8-6d6c-47db-8584-7d406689a5f2,Angela Baker,csuarez@moran.com,2024-07-25,France,47,81,67499,False
fec46267-61ab-42fb-838f-e6637bc00b0a,Darrell Griffin,ehaley@hotmail.com,2024-01-24,Libyan Arab Jamahiriya,58,62,26684,False
c1da937f-a2b3-4f08-8749-ca273c02d581,Stephanie Allen,oadams@williams.com,2024-06-24,Maldives,38,3,32963,True
7234a38e-7fdd-45e2-8c73-beb5a5a54438,Katelyn Guerrero,logan82@yahoo.com,2024-07-30,Madagascar,55,66,98910,True
6507b6e4-020c-4888-98a9-8812d8683475,Scott Norton,erobinson@white-richardson.com,2024-06-17,Netherlands,68,13,33301,True
1ebb33c4-6305-4107-82a1-91ab5ea7085c,Michelle Huynh,tperez@silva.org,2023-09-26,Burkina Faso,57,90,114506,False
36be4169-0219-470e-b4cb-a2f91223991d,Pamela Norton,broberts@gmail.com,2024-09-19,New Zealand,23,65,92612,False
4324c796-e73d-42ce-b137-5103e7558292,Dustin Diaz,nancy36@riddle-mcguire.com,2025-06-08,Montenegro,33,59,109516,True
d81cde26-42a5-47d9-a6c5-cf7c0c4363f2,Ronnie Boyd,fturner@yahoo.com,2023-12-16,Cocos (Keeling) Islands,50,35,21223,False
8a0371ec-5525-4efd-bf78-323bf52b0549,Elizabeth Campbell,ellenmcdowell@baker.info,2025-01-05,Samoa,53,10,57875,True
14359cf6-9da6-4537-b3bf-f2a10ad194c1,Jennifer Harrington,dcummings@gmail.com,2023-07-30,New Caledonia,34,4,26001,True
3ad7e7f1-94b4-4a60-b410-cf5098576861,Donna Lyons DVM,prodriguez@rogers.biz,2025-06-22,Morocco,43,9,36153,True
92a8f51d-3c4c-4069-a48a-8e196b432c94,Thomas Smith,mcmahonrichard@duncan.info,2023-09-25,Nigeria,40,18,114095,False
89311946-106f-4814-8ad4-3f400e0244f8,Caitlin Gray,sabrina93@hotmail.com,2024-06-23,Vanuatu,20,85,73142,False
b733d996-a506-4dab-be53-0ba6158ec5e0,Nicholas Turner,brittney60@miller.biz,2024-12-04,Costa Rica,23,24,43776,True
da869b3d-3b70-4bb5-8305-4a2affb4d8da,Stacy Dean,suzannewoods@williams-fuentes.org,2024-04-16,Korea,44,41,54043,False
eb365f8b-34d2-4f64-b1a4-beae7df108bd,George Johnson,cowangerald@hotmail.com,2025-06-12,Sweden,63,12,93458,True
ffd68658-8e3c-417a-b3e0-62a6ea487bbf,Regina Frank,afarrell@gmail.com,2023-09-03,Syrian Arab Republic,27,49,102359,True
a8230651-defd-4429-90a1-5e9d7075037a,Samantha Mcpherson,tstone@scott-delgado.biz,2024-03-09,Switzerland,36,28,72072,False
4f9d1fd5-4ef4-4cc8-adde-2b4773c0b096,Jennifer Kelly,robert68@hammond.com,2024-12-09,Somalia,40,55,77796,False
7e2a35cc-f35a-4ca8-9502-18f7452245c1,Nancy Ray,jessicaaguilar@holmes.com,2024-11-07,Panama,31,34,24657,False
5022f2fe-4164-40a4-8a99-4c1fbd93fca8,Jill Mendoza,leslie76@sims-johnson.org,2023-07-08,Guyana,55,95,22517,True
6686841a-3f18-4fa3-ab74-645391709b97,Kevin Lucas,zrodriguez@yahoo.com,2024-12-05,Saint Lucia,62,8,114946,True
3dbcd8b7-f88d-4959-9a62-4832fd7baf06,Chelsey Rodgers,mitchell63@thomas-weber.org,2024-12-09,Martinique,30,93,101977,False
2f492a09-6b64-467a-8808-1bd17d079bf1,Mr. Chad Reed,pattersonann@gmail.com,2024-12-09,Mali,45,6,76690,False
5185a244-50a9-4016-831a-5a1df316850b,Terri Fields,caitlin81@gmail.com,2023-10-16,Senegal,18,25,38124,True
d6d944a8-6bc6-4a7d-b5fa-48990a2eff2f,Joseph Rodriguez,wowens@castro.com,2025-03-22,Luxembourg,57,26,39927,True
4baa4f0d-415c-44ec-9675-d82be58706d5,Gregory Kane,kevinduncan@yahoo.com,2025-01-09,Finland,19,46,109580,False
d26f6c59-c8ab-45d3-88f4-54c2d5e025fa,Sierra Snyder,brittany84@hall-garcia.info,2024-06-27,Micronesia,45,24,94879,True
9594bcfd-e016-444e-b8aa-acf037ef125e,Evan Madden,karentorres@gonzalez.com,2024-12-02,Bangladesh,66,68,75089,True
290d3e0e-5b2e-47b9-9eeb-689fae441e73,Beth Kelly,padillajohn@yahoo.com,2023-07-07,Montenegro,34,93,46464,False
a1a8d4a1-0c14-48b5-8502-804e3f5c3235,Faith Fisher DDS,tfisher@sanchez-stone.info,2024-08-22,Mongolia,43,84,61728,True
cdfe357d-d9d3-4234-a75d-57c839913ac4,Douglas King,morgan12@hotmail.com,2024-01-20,Zambia,31,62,63835,False
528fd187-4159-41e8-b138-73c04bbec058,Mrs. Jasmine Marshall,sandra33@yahoo.com,2025-02-06,Tonga,28,58,82144,True
a289891d-588e-4b89-9653-183c28e6def0,David Johnson,brenda59@yahoo.com,2024-11-27,Turks and Caicos Islands,47,92,97677,False
ab5b6b27-4ce7-4812-9e0f-494f47b6f69c,Emily Woods,calvinsnow@johnson-gomez.com,2024-07-15,Heard Island and McDonald Islands,27,23,116602,True
ae336bac-eddb-4697-a3f7-a9fdf1f2b75e,Steven Graham MD,adrienne28@gmail.com,2025-04-01,Bhutan,30,99,27737,False
c9955055-5f16-43e6-827c-129cf29b5784,James Sanchez,mrowe@gmail.com,2024-02-11,Antigua and Barbuda,54,55,57967,False
8bea0a54-473a-4aca-a90e-ae20ee87645b,Christine Gardner,millerwilliam@davis.info,2024-09-30,Comoros,55,74,70961,False
a3479b1a-066a-4354-bf39-409978099d74,Sandra Bell,heatherhall@hotmail.com,2024-01-23,Mexico,40,26,63153,False
fb61f66f-5a50-423a-a087-f34851cab806,Eric Webb,dillonhubbard@yahoo.com,2024-03-16,Austria,50,54,52014,False
e69b38e9-5133-46f1-9496-c0a438b67b7d,Timothy Parks,charles33@jackson.com,2023-09-24,Syrian Arab Republic,39,86,31253,False
fdcfccf7-a77b-4724-a4b3-48588baf1024,Christopher Smith,ifisher@hotmail.com,2024-08-23,Togo,68,23,54820,False
dc3d510a-67b8-4b3f-8c7b-8841634a4876,Edward Thomas,hugheshailey@barrera.com,2024-10-25,United States Virgin Islands,27,16,98847,True
77232a93-bbf1-4241-9963-84a471736c11,Patrick Thomas,pmyers@gmail.com,2024-07-13,Kiribati,20,79,44624,True
3743b8b1-e646-47d2-bdba-600a9cb66b8c,Thomas Miller,allisonswanson@yahoo.com,2025-06-01,Afghanistan,20,10,48667,True
b04a8366-5ae9-419d-8b53-9df7860b5457,Alexander Mccoy,amy80@gmail.com,2024-02-28,Chad,52,50,37483,True
97b02dcc-705e-4835-b755-0dbdaeabbcb2,Jennifer Lester,whiteaaron@jennings-owens.com,2023-07-08,Cuba,61,11,73629,True
dc816fa8-de8f-4277-b119-df8ecc7a616a,Shelia Nolan,jillian44@bean.com,2025-06-17,French Polynesia,46,38,97920,True
3a509498-7396-41f6-9ec8-bcbd8ee30bc2,Tyler Smith,farmerjohn@hodges.org,2024-04-25,Comoros,69,93,62457,False
0b75ebd5-6d8a-4903-bc6f-1ce72fbf36fb,Devin Rose,gregory50@johnson-kramer.com,2025-05-13,Burundi,63,37,27654,False
05dd8897-fd11-4b40-b4b2-6ebf249bc241,Michael Robinson,emilybaker@gmail.com,2024-11-02,Zambia,35,90,77556,False
9fed1052-fcf1-4161-96a7-244c6c1591e3,Scott Brandt,jessicavelasquez@hart.com,2023-09-15,Gambia,42,33,65033,True
c11f4087-c835-4861-913e-db5a8ff9f4ad,Michelle Franklin,parksnathan@ward.info,2025-04-17,Venezuela,44,46,54502,True
7167378c-f6bd-43f5-85de-dbf0e0879af4,Christie Young,timothybernard@yahoo.com,2024-07-30,Philippines,20,16,42412,True
fc2668ec-6c9c-421c-917a-9bbf01f9c3da,Duane Thomas,alanmcdaniel@gmail.com,2024-05-25,Bhutan,40,98,64848,True
ec50654e-96eb-4aca-b8ba-234c57e0900e,Mitchell Johnson,shull@zhang-decker.com,2025-02-20,Austria,20,66,89346,True
2228eed1-e982-4ad2-9a7d-efd81b487c66,Daniel Smith,john54@gmail.com,2025-06-10,Turks and Caicos Islands,60,95,114685,True
1d377278-478a-4c99-ae08-5393bd09fb77,Amy Burton,michael23@gmail.com,2024-06-17,Cook Islands,47,89,74947,True
b7000097-8ded-4b96-b01d-df9986c7f0dd,Melissa Griffin,briandavid@gmail.com,2025-05-13,Belgium,41,27,89490,True
6dd87bb7-8220-46b9-bf13-74539238ae0c,Victor Jones,megan84@yahoo.com,2023-07-20,Haiti,38,5,52630,False
0fe54a75-0592-463b-b118-9e53b9583333,Brandi Rodriguez,xlowe@davis-potter.info,2023-11-19,United States Virgin Islands,61,18,64395,True
c46f3f16-cc9a-4002-a582-ae25e1fbf9d7,Lisa Castillo,fvaughn@gmail.com,2024-06-17,Isle of Man,39,88,103447,True
f06cc41f-1679-434a-b820-43b03cc5efae,Jack Case,susanhester@obrien-lutz.com,2024-10-27,Djibouti,58,63,101820,True
c7537f25-63d5-4764-ada9-39405f7a807b,Johnathan Martin,whiteheadmichael@tate.info,2025-04-20,Kiribati,45,52,29723,True
45530552-b4ce-4c12-9869-fc60614952ac,Amanda Adams,emma25@yahoo.com,2024-04-19,Lebanon,36,78,72679,True
080caf13-768c-410d-85d3-bb9ada4e9403,Justin Ellis,ngonzalez@phillips-brandt.net,2025-03-13,Reunion,60,58,87498,True
1aef16f6-9e2c-4a53-904e-b39e015154e4,Tiffany Gonzalez,aaronpennington@hotmail.com,2025-02-15,Bouvet Island (Bouvetoya),20,11,115242,True
c34dd897-c572-4b93-9fb6-2424a64ab3b2,Connie Richards,donnareed@hotmail.com,2023-12-29,Puerto Rico,50,10,103631,True
752549b5-98c1-4287-b0e4-9d991a844f35,Patricia Jones,vhurley@mccoy-hunter.com,2024-06-04,Bangladesh,28,66,97628,True
68079677-c607-47fd-83e9-0647575d16f9,Rhonda Parker,steven20@shepherd-allen.info,2025-02-14,Togo,33,82,66005,True
78245fc2-8ddd-491c-af79-e28eee008455,Jacqueline Reyes,michael38@schmidt.biz,2024-04-26,Qatar,22,71,52843,False
e1d27bb7-5a77-4efb-9ce0-8072f4726cb4,Connie Rice,daniel90@obrien.info,2024-05-08,Saint Pierre and Miquelon,37,97,48181,False
bbf667e2-b7e9-4487-9f71-bdc2106cc572,Mr. David Lopez,amy05@miller.com,2024-06-25,New Zealand,52,30,107750,False
84b031e4-0404-4853-9f66-5b30628624d4,Donald Salinas,caitlin15@hotmail.com,2024-04-26,Tunisia,22,32,37308,True
61fc4fb1-1100-496e-a9e3-8f6b03e6cc34,Eugene Cole,rstanley@gmail.com,2023-11-06,Bermuda,36,79,27933,False
f576187b-ad36-4f98-b0e3-f84a0b87fbac,Deborah Gonzales,kelly29@ryan.biz,2024-02-25,Belize,53,66,23268,False
905bba15-73fd-45d5-852b-70469b2a6c87,Allison Russell,daviddavis@hotmail.com,2024-12-04,Montenegro,62,27,117520,True
afed2514-1bb1-4615-8702-9940e4184cd7,Andrew Knight,krojas@hotmail.com,2025-06-27,Ukraine,27,31,36857,True
25510721-2d75-4782-908b-8ca57f061184,Mary Tanner,vsmith@jenkins.com,2024-10-11,Bahrain,68,97,36365,True
41ca1e0e-b591-4eda-9902-d09432e51cf2,Lisa Clark,fergusonmartin@rubio.com,2024-08-03,Tokelau,69,9,119967,True
09d2ce65-695f-49f7-ad44-d9e4cac85fc9,Andrea Hardin,xclark@flores.com,2025-01-27,Mauritius,67,43,95693,True
8c9a3305-93c7-496f-829d-4478cc6b8387,Kristin Cook,dianewolfe@turner.net,2025-04-21,Senegal,48,85,102105,True
dfdf1a8a-7dca-47ff-8dc6-2228d5d120be,Michele Johnson,murillobradley@stephens.com,2025-05-26,Saint Lucia,32,22,23037,False
14151a49-0834-4499-b61d-63c6f6367b03,Stephanie Nelson,kenneth05@gmail.com,2024-06-07,Sri Lanka,41,49,75698,False
b7aa2e7a-6cbb-42b0-b0cd-fe806974a538,Heather Pennington,jenkinsdiane@bowman.com,2023-08-02,Estonia,37,98,45424,True
b2e95e28-e804-402c-ad97-0d4bd287f07c,Savannah Patrick,gregorytammy@hill-little.com,2023-08-27,British Indian Ocean Territory (Chagos Archipelago),27,39,107841,True
d2cb0047-bbce-4a2f-884a-86dfc716790c,Ronald Brown,kenneth01@bates.com,2024-06-22,Oman,68,59,60347,False
05516ab3-9aa9-4e0b-8847-a89f7be18d52,Christina Price,sarah39@brooks-colon.com,2024-05-30,Turkey,44,16,88702,True
a2662fb1-5e6c-4b36-a8cd-3cdbbe3b0e62,Morgan Medina,qwilcox@hotmail.com,2023-09-08,Faroe Islands,57,27,32763,True
ad8547b6-25c2-4303-8ee9-940b66a621b7,Dale Williams,yanderson@hotmail.com,2024-04-26,Iraq,47,16,82494,True
db054f49-ef49-4051-b0a0-818338cf3be0,Joseph Cruz,justin77@gmail.com,2023-10-30,Namibia,34,67,61813,False
29eee42a-a86a-4a13-a0ba-f5066bfbb2b8,Luis Silva,lisafarley@hotmail.com,2023-11-08,Palestinian Territory,27,87,119713,True
efc208b7-fc1e-431a-af7c-67bebb0948d2,Steven Garcia,wphillips@ortiz-scott.com,2024-04-16,Solomon Islands,35,56,104417,False
b736ed25-2677-45b8-9138-4bd6a66765eb,Justin Underwood,lawrence60@casey-winters.info,2024-03-15,Czech Republic,53,35,92045,False
e33d1b45-558c-4d30-a361-743ad0e3523c,Christopher Leonard,crivera@duran.com,2023-09-06,Madagascar,22,17,69440,True
1a7a2960-070c-4735-981e-b91f329c4354,Michael Wilson,albert53@scott-nelson.net,2024-05-17,Serbia,69,95,44990,True
c80319ac-17d5-414f-a09a-0375289e19c3,Derrick Melendez,schwartzkristina@hotmail.com,2025-03-09,Thailand,45,71,113246,True
c7f92661-e3f6-46fe-b8e2-9a0ace408e16,Amy Richards,ycarlson@gordon.com,2023-12-23,Belize,52,2,90586,False
74dc0cbb-d973-4aaa-9918-3d1043634846,Nathan Robinson,xmartinez@daniels.com,2024-06-22,China,64,9,114276,True
8e163cda-eafa-473a-92a9-b3a3f7c0e9d2,Christopher Floyd,amypotter@yahoo.com,2024-04-15,Trinidad and Tobago,65,78,87540,False
1bbb0e32-d8c7-40dc-8afa-e055ae1ea9bd,Marie Bender,christinadunn@yahoo.com,2025-06-02,Serbia,62,53,31777,True
acf02780-498a-4212-b217-f4b9759f25e5,Miranda Erickson,lancemoss@yahoo.com,2024-07-26,Switzerland,47,44,49613,False
05467b1f-f8d4-4704-9c2d-f661c13050c2,Craig Carrillo,curtis89@dixon-miller.com,2024-09-14,Norway,35,6,90168,False
a8eb7f4f-1d96-4ebc-853c-234322da69c1,Marisa Hines,palexander@hotmail.com,2024-02-12,Burkina Faso,38,69,100639,False
c1f6a4b1-377f-4737-b38f-80c93d8d8fb6,Mr. Stephen Thompson,amanda51@curtis.org,2023-12-24,Cape Verde,41,3,109113,False
2a850809-030d-4787-867e-deb42d7d831b,Tony Meyers,olivia21@cook.net,2025-04-05,South Africa,35,82,69884,False
5360c38c-e986-47b0-bc49-069ce5945c0b,Oscar Wilkins,lisa75@hotmail.com,2025-02-13,India,50,80,41714,True
97e8e47e-ff6a-45ce-b9ea-fbe4760d7fc6,Gary Martinez,glovermark@keller.com,2023-08-18,Finland,65,27,81491,True
93d5b8ea-e84c-4480-bb90-3eca3fb0a777,James Norris,christopherwilson@wood.info,2024-11-03,Chile,30,83,95080,True
020d4dfc-af6f-46f8-8db4-b9df757eeca3,Karen Herrera,kwest@yahoo.com,2025-04-18,Mali,60,38,42658,False
56fe315e-0360-4f36-9918-20b399c82c0d,Ryan Williams,edwardvelasquez@hotmail.com,2023-07-08,Israel,34,94,47394,True
841d0119-8c3e-47e2-a205-75a7db5a3cfd,Debbie Lucas,davidlogan@gmail.com,2023-10-24,Chile,30,29,104029,True
cb3ff3a1-716a-4950-ac94-de35b2628f7f,Steve Cohen,ricardolucas@yahoo.com,2023-08-09,Northern Mariana Islands,39,44,64925,True
f7db7f2d-4b90-4be6-9c89-7f48936bf4b6,Jeff Hines,kathleen77@yahoo.com,2024-06-07,Hong Kong,51,70,73530,True
81dbd97f-f844-4737-a4e7-c7086e62e9cd,Curtis Burns,ashley22@hotmail.com,2024-01-15,Belarus,19,3,48998,True
fa2f8afd-40bb-41f0-9b6e-936a4e8f17c9,Isaac Abbott,cervantesalexis@rose.com,2023-08-18,Tajikistan,43,63,33873,False
61c53f4b-03cc-45a3-ad4a-d13b8dd62ce5,Miss Jennifer Atkinson,rmcpherson@cook.info,2023-08-17,Cyprus,69,71,91329,False
e9b234cf-ade0-4696-99b6-6f493ebe7f1e,Jessica Lee,nbriggs@king.com,2023-08-01,Morocco,46,28,101398,True
beca0f6c-50e7-4a60-a2eb-587f232e65c3,Erica Ferguson,tvasquez@hughes.com,2024-04-15,Latvia,19,73,82525,True
9a77c4aa-61e4-442a-9a1a-5e79bcb45e60,Monica Salinas,howardrobert@hotmail.com,2024-08-27,French Polynesia,45,18,81094,True
d29ae3fa-f49d-45a8-8f0d-c7d02c1e5c93,John Landry,diazkatrina@ruiz.com,2025-05-05,Jersey,59,50,106149,True
ef4ede51-523d-4856-b87e-59ca397b0916,Rachel Hawkins,eallen@hotmail.com,2025-01-26,Gabon,26,70,63564,True
a0c094c3-8bed-4f7d-b509-e35a20bd65c3,Amanda Garcia,nicholas86@hotmail.com,2024-02-14,Cape Verde,47,63,29616,False
a616b6f3-f877-4fa9-aa33-885ac8c4f085,Allison Barnett,collin27@smith.biz,2024-10-05,Vanuatu,61,25,88526,False
8aa5372f-1e5f-4466-aab2-c267c864ecfd,Lisa Oliver,combsbrian@graham.com,2024-05-16,Malta,36,65,37346,False
07c56d92-d424-46a1-85fa-743c13dbd90d,Rachel Beard,joshuajensen@yahoo.com,2024-04-02,Solomon Islands,58,64,32611,True
b327b953-0a35-4e3f-bda2-558ff5e782cc,Mason Page,matthewjackson@allen-cooke.org,2023-07-03,Romania,46,43,75607,False
5dcc012d-a4c9-4342-a9ca-1dc391bd3c12,Lisa Jensen,courtneypierce@patterson.com,2023-08-04,Estonia,19,10,107494,True
a73e9f75-7eef-4af3-bf2c-d25f1037ef31,Joshua Scott,ralexander@dunn.com,2024-12-19,Falkland Islands (Malvinas),38,69,105765,True
67e8cbec-dbe1-4530-8cff-9b38f3387d83,William Stephens,vanderson@hotmail.com,2025-04-13,Guatemala,64,30,78384,True
62407a88-4175-4901-8a62-6d1de3acd263,John Scott,susan66@garza-perez.org,2025-05-14,Dominica,23,34,77298,True
4e00b20a-c206-44d4-8ca8-938f712764c6,Elizabeth Curtis,nathanforbes@gmail.com,2023-07-18,Zambia,63,83,57021,False
adf8a12c-dc1f-450e-b1ae-35ceab9ca40c,Patricia Boyd MD,andrewsamanda@chavez.com,2023-11-28,Liechtenstein,40,3,82083,True
9dcfb763-b303-478a-8baf-4df3ec1fe9f1,Lisa Davis,matthewlloyd@harris-thomas.com,2023-07-28,Greenland,32,92,86108,True
4c44da59-ea3a-408f-9654-fd4d546255a0,Kathy Stone,yjackson@reynolds.com,2023-11-04,Northern Mariana Islands,23,17,117752,True
1b5f6e85-d400-4d64-bb7c-5abc882d7270,Jessica Delgado,sydneymassey@webb-johnson.com,2024-10-26,Netherlands,67,92,54077,False
d5052b2d-d485-4b6b-81ed-10807fd4354f,Jamie Cameron,younglaura@hendrix-riley.org,2023-09-09,Nepal,35,97,54109,True
4c6c782d-e7f6-4d9a-a56f-7ad5112927ce,Robert Frank,katherine15@hotmail.com,2024-07-14,Peru,44,25,68354,True
267eadb7-7226-4620-acee-a6cb4ef55eeb,Dr. Victoria Thompson PhD,brownpamela@johnson.info,2025-06-23,Spain,31,78,81427,False
476d5468-c411-4e88-98ad-1909031d91d1,Sheila Brown,afowler@gmail.com,2023-10-17,Anguilla,25,28,94450,False
13523290-1a0f-48c2-b4a5-f351e7000103,Chad Torres,langmichael@hotmail.com,2025-04-14,Oman,56,20,44407,True
0142aaab-0a0e-456b-869f-91311801540e,Michelle Smith,adrianhendrix@hotmail.com,2023-08-27,Guatemala,27,62,62150,True
cdc2c164-485d-4a49-972e-d8ce2e583d80,Amanda Alexander,elizabeth08@walker.com,2024-03-25,Brunei Darussalam,41,78,52505,False
976de817-a51f-4574-b3cc-6dcf1abbd278,Carrie Snow,kimmartin@hotmail.com,2023-09-16,Equatorial Guinea,56,7,29642,True
94f19a84-51aa-460a-90b6-9ec0df6a291f,Phyllis Baker,fletchersheila@hotmail.com,2024-01-17,American Samoa,65,65,27659,False
4c97dbc8-fb78-4420-935e-5681c2fda696,Sheri Hill,marshallmegan@holder-simpson.com,2025-04-07,Seychelles,60,90,41892,True
5a7f0902-1977-41a5-918c-058e6bfd7dd9,Terry Gould,cjones@gmail.com,2023-08-20,Gibraltar,52,63,70806,True
16c51538-1856-4e52-8765-270186f1d713,Joe Malone,laura88@gmail.com,2024-09-10,Congo,38,84,61608,False
2b424c76-c74b-45fa-b88c-974902705190,Mary Moore,hernandezleah@gmail.com,2023-07-13,Armenia,66,98,86675,True
f727a030-8f39-43fe-baa7-9789aa88c1f4,Mr. Anthony White,isanchez@owens-reeves.com,2024-10-06,United Kingdom,49,90,99400,True
56da0d29-3d9d-4e59-a2af-483fe4360857,Ann Tucker,michaelrivas@riggs.com,2025-07-01,Turkmenistan,53,51,76174,True
78e77b9a-bfdd-4e6f-9206-c3c54330c846,Michelle Lucas,joseph35@murphy.com,2023-12-27,Saint Kitts and Nevis,28,62,67229,True
0a0d0aa4-5547-427f-b3b6-be106352f0d6,Charlotte White,iroberts@douglas-cole.net,2023-12-23,Brazil,54,58,45407,True
87e28e72-81d0-4d24-9be6-548c3d595f05,Brittany Delacruz,christopherfranklin@gmail.com,2024-06-10,Bulgaria,51,69,73734,True
8d9e6498-1f50-43a9-b66e-7ce74a814c84,Jordan Ball,taylormelissa@marsh.org,2025-04-21,Ukraine,22,62,70704,True
a5548b0a-ec5b-485c-8d70-44a3a9d00f72,Jerry Sutton DVM,chelseaharrison@yahoo.com,2024-08-10,Bouvet Island (Bouvetoya),23,84,54686,False
cd1a0935-f784-4c9c-a92e-e38e0c79ba1e,Erica Shields,kjohnson@bernard.info,2024-03-28,Kyrgyz Republic,62,41,90371,False
914bde38-c4e6-4821-9388-259498495443,David Byrd,byrdkaren@hotmail.com,2023-10-07,Qatar,47,57,61482,False
3055546c-bb98-4d1b-8af4-6fce9cac6983,Amanda Howard,lmitchell@hunter-bryant.com,2023-11-22,Heard Island and McDonald Islands,67,83,92160,True
c9b154e8-33d1-4d61-a298-a5528ec0f48f,Angela Perkins,crossdanielle@hotmail.com,2023-07-29,New Caledonia,42,30,74636,False
bf84f1f7-2476-4edd-924f-402910834b24,Todd Rasmussen,brianporter@hubbard-johnson.com,2024-09-15,United States of America,55,40,44579,True
9633d4e2-d04a-473d-b5f4-09184b2009c7,John Vaughn,gsmith@smith.info,2024-06-07,Guinea,27,72,83023,False
7155f1ca-49ed-4bf5-8cb1-69a871a9f12f,Dennis Acosta,ashleyhawkins@hunter.org,2024-02-29,Togo,69,37,56271,True
c14aeed6-674c-42d7-aff8-e197e3a53e08,Jodi Wyatt,brownjames@hotmail.com,2024-06-15,Oman,41,35,45273,False
a4ed77da-6b70-4bee-b1df-7eb9a37d92f3,Jamie Soto,jenniferbuchanan@hotmail.com,2024-11-07,Bhutan,32,2,26979,True
f5c276b6-581e-4f6c-b642-efac0d233888,Kevin Morse,travisedwards@yahoo.com,2025-06-26,Palau,28,97,91065,False
40774509-bfdd-472a-8e26-604ca781ef78,Philip Woods,jesse88@skinner-flores.info,2024-08-06,Croatia,51,84,70371,True
61cf6de4-3ff7-4e07-a628-ad595636f96c,Dawn Smith,mramos@gmail.com,2024-11-24,Gibraltar,20,82,78616,True
3b75cdbb-5050-4c46-a365-b6bac5481fce,Alexander Chavez,williamsjason@hendricks.info,2025-05-02,Morocco,63,52,92279,True
ef4b20ac-4552-4e97-81ae-02ddb7ee9b3b,Troy Powell,weaveranthony@miranda.com,2024-04-21,Norfolk Island,32,76,63778,False
042dfdb7-a107-4954-bf20-443e06e6092f,Kenneth Gonzalez,boydkelly@gmail.com,2024-09-02,Saudi Arabia,36,9,68643,True
5eaa5a16-8599-4b4c-9e26-3ecee37cae4d,James Stone,agarcia@wang.com,2023-10-22,Bahrain,43,97,92251,True
33202062-2c47-4af1-8690-e440c8c9852c,Jeanne Spence,mcclureanthony@welch-russo.com,2023-12-27,Mauritius,23,17,92296,True
d43d0a0d-3342-4986-89ef-6360bebab894,Justin Smith,scottcolin@rodriguez-curtis.org,2025-06-17,Saudi Arabia,44,31,103993,True
020f478f-76ad-4cd8-9e02-cddd2242a8e5,Dawn Jackson,carloshill@lopez-bullock.biz,2024-11-15,Micronesia,24,44,66024,True
7363203a-f88b-4f16-9628-9b25a512dfd3,Andrew Johnson,joshuafreeman@hotmail.com,2023-07-29,Senegal,60,56,40387,True
c6ec690a-cc34-4a88-bfe4-bbdd49f71cd7,Heather Flores,holtgeorge@hernandez-reilly.com,2024-10-21,Marshall Islands,58,67,109272,False
66fd1792-ac80-4b28-8987-b6d5d34b1b4f,Jermaine Guerrero,richard51@flores.com,2023-12-24,Dominican Republic,52,12,83106,True
b1357ab0-e10b-4765-9e0f-5c673f3a9a87,John Liu,benjamin42@roberts.com,2024-05-15,Seychelles,64,79,89249,True
4294ff76-ec97-46b2-a80d-19141ef45cc5,Holly Rodriguez,ucolon@olson.com,2024-01-22,Cayman Islands,58,86,119580,False
e3f8f1c8-3d7a-4733-9b06-a86b1bd758c7,Ronald Tucker,ricardodickerson@hughes.com,2024-03-28,Micronesia,37,42,55696,False
9baf09ca-7403-40c0-ad05-71f6ba216839,Crystal Obrien,richardmacdonald@gmail.com,2024-03-07,Portugal,18,82,35687,True
996fb12f-b374-42c4-8e59-b3ea0a1031d4,Shawn Carter,chayden@yahoo.com,2023-12-31,Niue,32,1,67630,False
ace9f5d5-386d-4229-8ff4-98f3f73a9cdf,Dr. Andrew Lopez MD,michael86@yahoo.com,2025-02-26,Lao People's Democratic Republic,68,85,52599,True
266580d4-6610-4716-9918-9ad3b0dcb322,Leslie Silva,elizabeth00@rose-reynolds.com,2024-10-05,Guyana,65,30,87204,False
747bef6b-093e-4ada-bebc-7ede054def5c,Jorge Hill,russellchelsea@yahoo.com,2024-12-17,Guam,41,35,32995,False
ddcbbae3-4df9-4a84-a9fd-b06f8d9f8267,Linda Brown,brian67@hansen.com,2024-01-21,Romania,43,47,39007,False
d12d285f-a9e8-4eaa-8b8b-3cd7241c3904,Rachel Shannon,thompsoncody@peters.com,2024-11-28,Faroe Islands,47,27,57653,False
1be8277c-52f6-4ea5-85ff-28753857c0f7,Jennifer Wilson,nvang@martin.com,2024-04-07,Netherlands Antilles,37,24,78971,False
c4ff3978-83f1-47b1-85aa-fd36a8aa0012,Pamela Dunn,houstonmolly@yahoo.com,2024-05-28,Korea,32,17,47700,False
db797b77-4c49-4af3-880d-e155e903db3e,David Moore MD,edavis@ballard-miller.com,2024-04-29,Algeria,47,54,38198,False
762565aa-09c5-4329-a74d-456266989cb7,Matthew Hanson,mark61@gmail.com,2023-12-06,United States Virgin Islands,45,5,43098,True
a771d01b-6289-4de8-90fc-abc3011a45e4,Joseph Sparks,jessica27@hotmail.com,2023-10-04,Montenegro,29,57,101518,False
c7408e6f-a29c-4e55-a82c-0d8aae0594c2,Victoria Compton,lwatson@garrett.com,2023-11-06,Nicaragua,25,11,82798,True
b1bf2a03-8190-473e-a71a-dd4669bc938a,Cheryl King,nicholas34@hotmail.com,2023-09-27,Isle of Man,48,9,73379,False
2ad2f50a-0a91-4f17-8247-e9ef2b070ac5,William Owens,holtcynthia@knight-elliott.com,2024-02-04,Western Sahara,55,15,72239,True
323ebceb-256e-48c6-a93d-f9dd117621ff,Christina Shea,ghoward@yahoo.com,2025-04-08,Bolivia,41,51,51991,True
bb0d7d9f-1034-4a8b-b3fb-540b7c6114da,Gregory Moyer,robert43@yahoo.com,2025-03-15,Peru,50,32,23438,True
5568aa2a-8ac2-4f40-adf6-69bd6ccad682,Michelle Johnson,brettlee@kelley-henry.com,2024-12-20,Paraguay,31,35,75289,True
ecc514be-e918-4276-81b2-232c9e0226fb,Renee Donaldson,denisecarrillo@hotmail.com,2024-02-14,Afghanistan,48,32,36083,False
fadacfd9-3874-4121-a049-1689081dd0c0,Patrick Powell,christina83@ruiz-golden.com,2025-06-11,Moldova,27,70,43869,True
360c1426-7f73-4ade-94bf-2d1c3c7aefeb,David Adams,crystalhobbs@gmail.com,2024-07-04,Kazakhstan,67,80,90087,True
bfc2a9a5-7ad2-4f00-b630-00aae8631533,Robert Kim,yshaffer@hotmail.com,2024-12-16,Grenada,28,87,69257,True
d1464a43-361d-4e5e-ab2a-c791f49f7867,John Fox,laurie81@gmail.com,2024-09-04,Tunisia,40,8,47301,True
81b77fa2-19ce-4afc-8743-cbde06e5fe6f,Cindy Clark,coreynichols@gmail.com,2023-08-09,Andorra,47,65,98454,False
c526466c-83ca-42d0-8189-3073240e6c97,Michael Edwards,kimbradley@berry.com,2024-07-01,Oman,65,17,21337,True
0867cfb0-674c-4d93-afa0-e0da0602dda9,Christopher Castillo,johnsonolivia@hotmail.com,2025-01-14,Romania,18,8,75755,False
2ea84c49-c993-4c26-a36d-bec21e55aeb3,Danielle Lewis,qhendrix@turner.com,2025-03-08,Central African Republic,44,47,84997,False
04942d0d-6757-415f-b443-6df7463ef401,Angela Ponce,solismelissa@wong-moore.info,2025-01-30,Iraq,40,34,20113,True
8dacfbea-1011-4c89-89f8-23b4a982d41e,Gina Brown,gregacevedo@hotmail.com,2024-10-28,Somalia,32,70,47717,False
cd245216-1440-4828-82d8-ddbbf4d158f1,Alisha Ryan,gwalker@hodge-navarro.net,2025-04-05,Oman,32,75,42423,False
43c4f0e4-33e0-40aa-a38b-d7271b66c4dd,Robert Snyder,stephanieperez@walker.com,2024-09-26,Eritrea,66,9,41784,True
fc479402-1bbb-4615-b4f1-6fe658ba21fb,Dr. Sierra Bernard,barretttiffany@hotmail.com,2023-09-12,Tajikistan,41,39,74637,True
890c34ed-c29b-4846-be9f-e4a7032cd946,Thomas Singh,srich@little-collier.biz,2023-12-22,Aruba,29,17,33860,True
42ea3bd3-2d9c-4266-871b-f5e83d5c6f27,Jared Green,cruzrachel@davis-wells.org,2024-12-14,Algeria,44,84,69364,True
13e8717e-ee1e-4697-9833-afe0ca1d52b6,Zachary Parker,coltongonzales@hotmail.com,2024-12-15,Rwanda,51,24,72723,False
6f712905-45ff-4774-b86a-eca946b6155a,Howard Brennan,nhoward@yahoo.com,2025-06-28,Nigeria,18,43,62111,False
358036a9-b4bf-4036-a4ba-9e7c3ca0a439,Anna Wright,pwilson@gmail.com,2025-03-15,French Southern Territories,38,62,95924,True
86021b1e-6236-44e1-8173-4d1963c27e49,Michael Taylor,coreyparsons@bowman.net,2025-02-01,Hong Kong,50,67,84131,False
b7f966a9-cf4a-4575-9e29-0d8cff25fcd8,Angela Sawyer,william49@duncan.com,2025-01-21,Jordan,23,16,33510,False
83ceef97-cfb5-43a3-98ab-f5fec5b212b8,Matthew Gardner,collin37@torres-martinez.biz,2025-02-01,Japan,65,4,105679,True
dbaf8b73-b25a-45b6-836d-663ec57a622e,Dr. Patrick Nelson,gary97@jackson.info,2024-09-11,Kiribati,54,69,117507,True
e306bb49-6024-4aa9-ae1e-e000ce73366f,Courtney Peterson,gomezjames@hotmail.com,2023-07-23,Nepal,52,85,61377,False
7d5bb27d-67e2-49ce-819f-fc1d9f552db4,Lindsay Scott,nholden@parrish.com,2024-05-14,Saint Pierre and Miquelon,56,55,68860,False
20383bcc-abef-4d5b-9775-46f5fd429353,Michael Bell,danielvillarreal@yahoo.com,2025-02-23,Colombia,40,63,64068,True
8f764afe-7d06-42d5-afe6-cd95d723f0fc,Lee Diaz,laura70@maynard.com,2025-02-22,Sudan,23,64,116403,False
897f6a1d-fb29-4591-bc69-58655d249d57,Adam Compton,vbrown@yahoo.com,2024-03-17,Argentina,37,5,116885,True
c76abfbc-36ab-457e-90ff-e09910af91b1,Jacqueline Steele,taylorcassandra@gmail.com,2025-05-04,Saint Vincent and the Grenadines,30,12,118068,True
ff15aba1-1e01-4e3a-80dd-deaac5f1e0b4,Sarah Baker MD,javierchambers@walker.com,2023-11-21,Montenegro,26,12,24544,False
e6dad9aa-d0d7-45b2-b894-12a5d491f6f4,Charles Novak,shernandez@yahoo.com,2023-10-09,Samoa,56,98,106228,True
9022099b-d8aa-434f-bb2e-51c301eadf28,Thomas Odonnell,priscillaconway@mendez.info,2024-01-15,Sweden,36,53,22637,True
360cef72-79ea-472c-bd9b-613f1018c5ab,Taylor Chambers,adamschristopher@cunningham-hughes.com,2024-08-07,Sierra Leone,41,76,118151,False
ddcf5771-d42b-4360-a00f-4522472c7ee2,Sabrina Nunez,dylan46@cunningham.net,2025-03-06,Sao Tome and Principe,55,86,116148,False
a05331eb-1871-401a-94e0-b0812bffc29b,Cynthia Savage,ctaylor@arnold.com,2025-05-16,Venezuela,24,59,36489,False
f81013a8-93dd-45e9-b15d-bff08a9e8ed9,Stephanie Lawson,pramirez@king-zimmerman.com,2025-06-03,Germany,47,69,76538,True
e741fd9c-4b5f-4e14-aa39-04bfac94cbe2,Scott Hamilton,heatherwarner@gmail.com,2025-01-04,Antarctica (the territory South of 60 deg S),25,14,49754,False
88f8744b-bb4c-4601-afb8-27a9f92db40f,Jennifer Griffin,maria72@gmail.com,2024-01-08,Indonesia,55,32,98231,False
7fb1a338-d9fa-4ad0-b7e9-9b91303d2d0a,David Cook,aaronmarshall@smith.com,2024-08-29,Micronesia,32,69,110367,True
8b75c603-7d48-4ec4-9a75-565b73723a87,Anthony Dickson,catherineprice@riddle-ramirez.info,2025-05-22,Iceland,54,84,39450,False
492c40e1-02f9-4c25-92c4-39aba55d264b,Craig Cabrera,johnsontina@wright-foster.com,2024-03-23,Saint Lucia,38,26,94876,True
d30a5cf9-3d17-412b-b4ef-6846fc5194ca,Susan Kim,nataliebecker@white.org,2024-07-23,Slovenia,46,37,96505,False
91e32b1a-a57d-4ddb-9329-6e0e011a3644,Alisha Clarke,sandra07@gmail.com,2024-06-08,Greece,51,97,79895,False
51371418-e724-49cf-8a74-c5666587e67f,Larry Kelley,xforbes@cain.info,2024-06-28,French Southern Territories,54,93,86159,False
302f00b7-2818-4ba4-a538-61ed709abfb8,Jason Clarke,boonejoseph@garcia-medina.com,2023-12-24,United States Minor Outlying Islands,25,76,82316,False
38540c31-c809-40cb-8dfd-a0b93bd5abb4,Angela Mcgee,kenneth10@reyes.org,2024-01-10,Saint Helena,36,47,118702,False
29b63b35-f5ca-4a16-bd46-d1f9d8185ddd,Sandra Jensen,ryanmcdonald@ramos.com,2024-03-07,Spain,18,61,74165,True
4b1d361a-065f-4514-9d3f-dd03d52f324b,Crystal Cain,caitlin72@taylor-walsh.com,2025-04-09,British Indian Ocean Territory (Chagos Archipelago),44,86,38945,False
67082bdb-35bf-46e7-97fc-8c5a7e753716,John Miller,bgarcia@wallace-garrett.com,2025-02-07,Palau,32,39,54684,False
9effd8a4-b31d-4c87-b85d-74010266b711,Katelyn Davis,wbradford@davis.org,2024-09-09,Bolivia,62,92,103916,True
f07ae416-0cfd-47c5-9f9e-d0b65e4ed3a3,Katherine Gonzalez,nbarton@gmail.com,2025-04-18,Dominican Republic,58,27,37638,False
a41b0e93-b639-463d-802c-b61078697223,Matthew Gould,breannaatkinson@walker.biz,2023-10-23,Somalia,60,76,86513,True
be6e8a24-24ea-4060-aff4-f7159824344c,Kim Lawrence,marthahicks@hotmail.com,2023-10-22,Kyrgyz Republic,54,16,73539,True
2792c64c-7460-4e70-971f-dea95dd4a762,Joseph Wells,cathy07@bishop.net,2023-10-07,Montenegro,23,93,64852,True
37a85aae-0838-492c-bed8-9ca31937560f,Heather Irwin,craigmichelle@gmail.com,2024-01-24,Greece,45,46,27145,False
e9c54019-6152-42ce-87c5-81c504a7dcbe,Carrie Lopez,nlewis@kelly-roberts.org,2025-02-05,British Indian Ocean Territory (Chagos Archipelago),26,41,95111,True
8be16e1e-3fbc-4af0-beab-30d1510d200e,Julia Cameron,jasonharris@gmail.com,2023-12-27,Turkmenistan,34,93,109221,True
ee20558e-7da7-4188-af55-949a0588a6de,Kenneth Tate,qhunter@yahoo.com,2025-04-18,France,32,86,58934,False
6f143fbe-1602-4af8-9235-5789d46a3fd6,Amanda Stevens,anna92@gmail.com,2024-10-27,Somalia,69,44,97504,True
5fc375a0-737c-49dd-85b8-79fd82d190b2,Lisa Brown,alvarezjodi@yahoo.com,2025-03-19,Russian Federation,63,17,106224,True
37549dbf-4732-4063-ad18-ff17baaf338b,Mrs. Angela Phillips MD,howardlarry@hotmail.com,2025-05-28,Pitcairn Islands,50,3,68210,False
ce701968-7b2c-4bbf-889f-e1c3eb98c461,Kevin George,annettemay@wilson-smith.com,2024-04-03,Kyrgyz Republic,30,96,84323,False
24950786-bc52-4cc6-a179-de73d9011e52,Kelly Bennett,christopher35@gmail.com,2024-12-06,Guernsey,30,42,98656,True
d09abd24-fa34-424b-a328-5d09a941024f,Derek Kent,kmartinez@lopez.com,2024-06-28,Tokelau,56,49,48387,False
255425b7-7192-400f-8356-8c9f4898c65b,Wendy Garcia,johnsonpatricia@morris.com,2025-03-01,Morocco,45,41,116014,False
4c04f371-08a2-4b4d-a1e3-65b399e4a9f7,Holly Moran,rchristian@good.com,2025-06-17,Timor-Leste,46,39,104336,False
c5a622a1-fad5-49e2-b2ad-0f398acf0b8d,Diane Hamilton,patrick43@carroll.org,2024-11-10,Norfolk Island,65,37,69346,True
77318095-9dec-4083-876d-3a68b95139a4,Kimberly Merritt,daymark@silva-adams.com,2024-01-05,Libyan Arab Jamahiriya,24,59,57931,False
1e0118fe-4767-4509-82de-b6b9b316fb92,Judy Coleman,howardjennifer@cox-perkins.com,2025-05-01,Dominica,56,14,73735,False
20291ba0-9ea2-4e8a-802a-831448f5c370,Mark Johnson,nicholasescobar@miller.com,2024-11-25,Cameroon,23,72,91395,False
f4b0a8cb-20c9-43c5-a1a6-a9da527827b8,Mr. Cristian Beasley,alexander41@yahoo.com,2025-02-20,Iceland,34,72,41753,True
d6dbcf73-9fdc-48d4-94ca-00c1d6ddc0a6,Glenn Barker,kristin03@hotmail.com,2024-12-02,Wallis and Futuna,22,84,33388,False
10d7d285-7e18-4354-9c9b-f60173bf3310,Dominique Knight,mfaulkner@lopez.net,2025-04-26,China,49,47,25953,True
145535fa-61d1-47a4-bc53-41e514ab24fb,Michael Bruce,xryan@obrien.biz,2024-03-05,Guatemala,34,55,66783,False
683a12d2-f6d5-45b4-9bf3-dac996bd67c7,Tanya Smith,adamsalbert@wu-hicks.org,2024-07-24,Isle of Man,39,7,117944,True
750ee755-eb18-44e0-b7cd-decf39e1ed41,Christina Gonzales,gsmith@yahoo.com,2024-12-01,Tokelau,18,6,109846,False
f4186594-06d4-47f0-ac1d-48cb101ea5b4,Jessica Olsen,myersandrew@terrell.com,2025-01-22,Paraguay,68,99,81079,True
5c18323f-e109-4dbb-82e8-1ed3dc543693,Elizabeth Mcdaniel,vellis@yahoo.com,2023-08-22,Antigua and Barbuda,36,81,74469,True
f407a187-4fa1-4ecd-932a-abe1a7be49d8,Brittany Nichols,jasmine90@conway.com,2024-08-29,Venezuela,62,35,86057,False
3f14466c-4889-4d03-bb58-a5fcf7485d72,Stephen Myers,christine25@walker.com,2024-05-31,Trinidad and Tobago,20,33,29407,False
5dfb9e24-207d-4ce5-adb2-2416754dcf76,Wendy Lawson,wdickerson@jackson.net,2025-04-11,Hong Kong,43,61,23509,False
48790c20-35ef-4e5a-a7ee-b93c0c8366b6,Diane Graves,randy03@gmail.com,2024-12-08,Faroe Islands,33,33,69232,True
035f5779-9b07-4ebb-8b5a-91eb0fcfdfb3,Michael Anderson,jessicaruiz@morse.com,2024-09-01,Kuwait,56,66,56153,False
98ed1d5b-dcae-450c-a26a-77d782531702,Jesse Jones,tina68@hotmail.com,2024-02-22,Antigua and Barbuda,27,25,108620,False
df94cfa8-034b-4376-b063-967b7ab7eb03,James Wolf,hperkins@avila.biz,2023-08-09,Korea,48,72,38898,True
3df35a1b-b6be-415d-83cb-57cb836ed7b7,Danielle Mccann,isaac80@yahoo.com,2024-12-15,Tanzania,62,6,116495,True
2e4d9d07-340b-40a4-90e9-446486c6cfa6,Leah Fernandez,douglasmarisa@romero.biz,2023-07-19,Puerto Rico,28,35,105269,True
c81d859b-e271-48c5-9b7a-26f7841e7b05,David Lee,stevensonmary@james-rodriguez.org,2023-11-18,Ireland,44,97,26255,True
e20b73d3-b4e5-45a6-8e8b-dce46f7335c6,Kim Grant,laurengill@hotmail.com,2025-04-27,Afghanistan,21,95,53499,True
82714e07-3d9e-4c3f-a1ca-fd290b70d45e,Caitlin Lindsey,herreraandrew@hotmail.com,2025-03-18,South Georgia and the South Sandwich Islands,30,87,65956,False
9062e020-ba13-47c7-99df-487100d173d0,Jesse Thompson MD,jennifer69@hotmail.com,2024-07-17,South Georgia and the South Sandwich Islands,57,63,85795,False
2c5be6dc-eb4b-4789-bece-9cf51a5b360a,Samuel Morgan,becknathan@lee.org,2023-09-27,Reunion,38,21,32758,False
a49f2574-b169-415f-8a49-93f7ababbbbc,Timothy Pittman,amyhayes@king.com,2024-11-18,Bulgaria,58,53,85294,True
b11f8388-3e57-48a6-88f8-64113a3c694a,Nathan Shannon,tcisneros@johnson.com,2024-02-28,Saint Helena,37,91,53924,True
fd10ed6a-0091-4e4a-9d4e-3c726feef7fb,Lauren Ray,hinesnicholas@brown.info,2024-07-12,Kuwait,23,29,99227,True
5199bf36-0ab9-4127-8bfc-ae0c719f45bd,Laurie Hebert,vclark@hotmail.com,2024-03-30,Iran,52,95,62319,True
fb20e83c-2120-47c6-b76b-ca8a68fe50a1,Lauren Romero MD,cindy50@gmail.com,2025-06-26,Peru,51,36,22019,True
27080a9b-e893-47e5-9b7c-2524613f0320,Renee Allison,henryjames@yahoo.com,2025-04-06,Saint Barthelemy,69,77,69555,False
36e4f079-536d-455d-a827-f2da56e25847,Laura Mccoy,joseph78@james.com,2024-04-20,Tunisia,58,25,58777,False
9c88d29e-4520-4769-802c-e520c2157d83,April Diaz,james13@hotmail.com,2024-03-17,Kiribati,59,85,31867,True
5284a91d-5f15-453f-b955-7c8ae5104e68,Teresa Martin,landrews@george-mcmahon.com,2023-08-04,French Southern Territories,28,24,49091,True
0c9b4533-6ade-409e-8e6d-03098e77ca41,Hannah Peterson,april27@gmail.com,2023-11-01,Kiribati,48,58,27042,True
ba206a09-ab13-409f-8975-2d221b1854e2,Karen King,justin43@gmail.com,2023-08-12,Panama,51,43,30502,False
f5991db8-672e-421d-9fed-d763aba1a5f6,Lisa Burton,tiffany50@walls-wilson.com,2024-02-23,British Indian Ocean Territory (Chagos Archipelago),65,88,25298,True
e2cbacf6-78c0-47a0-ae10-47ad14b9780e,Raymond Martin,ujimenez@yahoo.com,2023-12-12,Fiji,62,38,113755,True
dcc275da-6448-41d8-a535-fd983c476fc8,Laura Morris,mchambers@davies.biz,2024-10-13,Andorra,43,69,46188,False
cc99bb3b-e075-40f3-a89d-ae7f77330603,Stephen Garcia,chadwhite@yahoo.com,2024-03-25,Vietnam,22,80,95241,True
dfbb1712-1df8-46f9-a846-f3f4f9f3992e,Laura Murray,crawforddalton@yahoo.com,2025-03-03,Cape Verde,55,36,107217,True
a0774ed9-5d0f-4f8e-85e3-7e079e9e8b1e,Anthony Williams,reidheather@hill.biz,2023-11-16,Latvia,30,96,116918,True
093c2eb1-bb33-46a0-8e17-a5814ea2837e,Mr. Christopher Haley DDS,leahhawkins@anderson.com,2024-03-16,Kiribati,22,9,25334,False
13fb27e7-722e-412f-81ae-29abfb69f9ce,Caitlin Martinez,michael04@ayers-fletcher.net,2024-07-22,Mayotte,64,35,70714,False
96917e79-9b9a-4f9d-8695-95f915ed3e99,Edward Medina,thartman@wilson-king.com,2024-03-23,Eritrea,54,28,96314,False
2a13a249-6912-44c3-9800-70f6ce9f18e5,Stephanie Hill,longangela@butler.com,2024-03-11,Saint Vincent and the Grenadines,39,68,31055,True
4fa8393e-6cba-4631-90d4-119dfa30f11c,Michael Jacobs,luisramos@burgess-mitchell.com,2023-12-25,Germany,56,55,44135,True
1b16035d-2477-42ae-a65a-fffbc4d4c341,Amy Leonard,curtisrichmond@yahoo.com,2025-01-12,Mongolia,35,66,101770,False
62d4aeec-c2a7-41e7-baeb-557c6396ecd1,Pam Hogan,colin01@armstrong-wilson.com,2023-12-01,Slovenia,28,32,111881,False
f9e21093-8da5-4632-bc2e-12ca41eb6b13,Eric Kent,thomas50@smith-cardenas.com,2024-08-14,Cambodia,32,50,86779,False
e853a8d4-4676-4e35-ae89-51ed90db46ba,Patricia Fuller,fuentesjessica@yahoo.com,2025-04-09,Colombia,60,81,26856,False
96f68a4d-3090-47e7-a2f0-259fa77cd949,Dennis Torres,angela93@ruiz-crawford.com,2024-08-22,Mali,40,81,28099,False
83bb93c1-2760-4474-9178-5782620a7aed,Laurie Blanchard,turnermatthew@hotmail.com,2025-02-17,Dominica,54,54,83154,False
460d11e8-df2b-45c3-bbb1-b6a84269cd64,David Graves,davidtrevino@ray-byrd.org,2024-02-23,Russian Federation,34,72,112058,True
28c7685f-a910-4196-84f1-5c078b500679,Andrew Potts,kurt72@herring.com,2024-09-24,South Africa,57,3,48023,True
6094231e-f191-4d3e-9f47-4ac141e0c4e4,Scott Walker,tpalmer@rodriguez.com,2025-04-23,Luxembourg,40,36,102209,False
aa478618-fe97-46ae-b424-3b70fe0f54b3,Edward Pearson,johnhughes@logan-rodriguez.net,2024-06-25,Romania,38,17,103695,False
671a2996-06b4-46b6-aee3-d03d0c3d7e15,Eric Morgan,osmith@taylor-harris.info,2023-07-14,New Caledonia,59,73,24222,False
d29a8e8b-925d-4693-bc01-eb791389b854,Jennifer Mcdonald,susanjones@yahoo.com,2023-11-22,Zambia,68,6,26225,False
2d6bccfe-af43-4845-9de1-297b479f536b,Joseph Brown,kylelowe@gmail.com,2023-10-25,Guinea-Bissau,64,72,38474,True
e03fa2d7-ffa1-4951-b750-fea03559fc9e,Jermaine Hill,brownlisa@phillips-hudson.com,2024-06-14,Malaysia,23,46,39758,False
d2215031-df29-46d1-a1ed-5784f10a44d2,Vanessa Brock,vargassarah@wolf.com,2024-09-27,Netherlands Antilles,67,67,59724,False
ee121d48-1335-4ca8-8bab-76c8e1453fcd,Heather Schwartz,elizabethnewman@hotmail.com,2023-08-15,Brunei Darussalam,30,97,115743,True
57293ad8-6896-4082-bc02-82b29068bea6,Elizabeth Lopez,justin03@yahoo.com,2024-02-07,Saudi Arabia,67,84,92328,False
a7bdb45d-5fa4-4db3-8a58-dba7465dbdcc,Anna Allen,ujimenez@yahoo.com,2023-11-16,Greece,35,95,107854,False
c988e94d-73da-4558-abe0-814432054463,Lisa Brooks,sextonmark@yahoo.com,2024-03-08,Korea,50,67,48325,True
d956e55d-4750-495e-b462-53963251d103,Gene Baker,bradley46@gmail.com,2024-06-14,Iceland,56,56,33715,True
ab0ca559-04e2-4f1e-b241-496da72135b2,Joyce Anderson,qmejia@yahoo.com,2024-11-13,Bahamas,68,78,104434,False
172414d5-a6a0-4310-96f7-16cbfe8e547a,Frank Sullivan,melissamueller@gray.com,2024-06-19,Guyana,65,80,45591,False
fa784f22-c69f-4e6e-ba9a-a7c5dc9c9d0f,Michael Mcknight,joshua47@simon-peterson.biz,2024-02-09,Turkmenistan,36,53,58115,False
15a7cfe7-0b70-429d-92e4-c07cd5e36dd7,Stephen Foster,danielcastro@yahoo.com,2023-08-15,Guinea,38,71,47592,True
eacbab5a-ad3c-4aa1-b85c-73d6898cd776,Michael Lloyd,karen71@gonzales-hopkins.info,2023-07-21,Saint Vincent and the Grenadines,40,58,113420,False
6bedccec-48d2-4669-bf0c-f1bc8dc4a83b,Cindy Todd,angiehines@vance-kennedy.com,2024-03-26,Denmark,27,37,73818,True
aa7120b1-94c2-48e7-84ee-e18556f366f6,Mr. William Clark,angelaholt@rivas-coleman.biz,2025-01-15,Somalia,58,68,81170,True
3434f9ef-0f0a-4b20-a93d-a2223b7732fd,Jacqueline Baker,kimberlytaylor@mercado-robbins.com,2025-06-26,British Virgin Islands,61,62,75761,True
6ba1647f-076b-40c7-8829-8abb350ed3cb,Patricia Beltran,hollowayana@taylor.info,2023-12-09,Nauru,25,19,116339,True
61dfaffd-612e-4c57-9a0e-161196319cda,Dustin Griffin,kelly07@gmail.com,2023-08-02,Guadeloupe,50,94,108996,True
d7051163-5c1b-4ed9-b499-731739289439,Gregory Martinez,bethbowen@hotmail.com,2024-12-15,Uruguay,67,88,102356,True
6b34001a-c586-4b73-8a10-fb17d5be262c,Laura Branch,carolyn96@hotmail.com,2025-01-12,Seychelles,47,44,113610,False
45a5cfb2-4042-4e21-837f-796143375bf1,Breanna Reilly,kellyrush@yahoo.com,2024-01-27,Russian Federation,51,21,108418,True
b3bceff2-89ec-48d7-bf35-c23ea0a4d204,Jonathan Wilson,benjamin56@yahoo.com,2024-10-03,Micronesia,40,47,27275,True
35590318-cf0b-4ad9-b72a-1174155e3409,Alicia Stokes,smithsarah@castro.com,2024-08-09,Australia,34,46,31392,False
4b4cda77-8074-416d-b95d-197717bf4b3d,Travis Thompson,james55@hotmail.com,2023-09-14,Thailand,59,85,117237,False
19a42292-3cf0-42ec-94c2-20b3a3ce0d5c,Michael Stout,dsullivan@hotmail.com,2024-05-30,Malaysia,41,18,45981,True
a59df1bf-6d46-4349-a51d-4804f0d4b81d,Alyssa Hodge,allenbenjamin@hotmail.com,2023-09-24,Saint Vincent and the Grenadines,29,21,106999,True
0bb53222-c4a8-4d6c-9018-28dfe7282c06,Sierra Garza,murphywilliam@yahoo.com,2024-11-09,Solomon Islands,41,36,106600,False
c8ea097d-219e-4fa1-b1b5-43249c26b059,Elizabeth Garrison,lfoster@alexander-miller.com,2023-07-27,Syrian Arab Republic,18,23,86951,True
e996a80b-4493-4ed3-b8d2-c5363d36a58c,Christopher Jones,hthomas@hotmail.com,2023-07-07,Pitcairn Islands,62,93,53781,True
1e57e3a7-a97e-4427-9d15-f9728174d1ee,Rachel Cox,kimberlymorales@gmail.com,2024-11-25,Nigeria,23,51,36186,True
2c47849e-c381-435b-980d-3d73e8759e96,Melinda Schneider,kimberlyreed@yahoo.com,2025-04-13,Sao Tome and Principe,64,63,23368,True
3c485ebd-cc08-4fc9-aa38-32ea231fc195,Robert Duncan,hernandezjorge@chung.com,2025-06-09,United Arab Emirates,33,50,40064,False
eb6c42e3-9f29-4104-9118-212706ec99f0,Trevor Torres,tyrone71@sanchez.biz,2023-07-29,Belgium,22,50,29920,True
aa7e5721-bb7c-4c34-b4c7-52b00fb1a6c9,Henry Nelson,turnerronald@parker.com,2023-08-22,Uzbekistan,32,21,41652,False
1d1b2544-d5e4-4e2e-822c-56f17a96ec50,Brianna Whitehead,martinjudy@hotmail.com,2025-03-07,Jamaica,46,86,55050,False
797afc04-b37c-43f5-a1dc-6e604342907e,Taylor Thomas,dowen@ward.biz,2024-11-20,Jordan,19,74,68379,False
a09075bf-b947-4b20-91ca-a860bf7aaa0a,William Mckee,treyes@hotmail.com,2025-03-28,Palestinian Territory,32,46,63112,True
88b2186d-fb30-4845-ac7c-1c9834ac5523,Alexandria Gill,xbarrera@gmail.com,2024-09-14,Serbia,24,80,30716,True
2dd761c2-a49f-42ea-886c-b97489c40cd8,Amanda Rich PhD,mccoyvalerie@hotmail.com,2025-02-10,Switzerland,23,80,24052,True
36032aa0-97a8-4873-9fc1-56b1dda43cec,Peter Velez,armstrongbrittany@yahoo.com,2024-07-30,Guyana,38,67,84931,False
4ba7e316-f16f-49ec-8dbf-1b4c2593cf05,Michelle Ramirez,tonya84@jenkins.info,2023-10-21,Saint Lucia,67,88,62033,False
23708675-7dbb-4c51-9e38-38b69276e7d2,Stephen Thomas,ryanbaxter@roberts.com,2023-12-23,Vanuatu,42,68,46854,False
546770f1-f856-4082-873c-221d6a5ccd20,Terri Branch,raymondjohnson@benjamin-howe.org,2024-05-01,Cape Verde,44,30,38315,True
24223e57-5451-49d9-b123-8672591ce55c,Patricia Carter,thomaschristina@yahoo.com,2025-03-05,Egypt,56,66,102270,False
27f902fb-e7c0-44ba-9a4d-dffc4fbe568e,Erik Mitchell,acooper@mullins-martinez.com,2023-07-10,Argentina,46,12,58531,False
6703a4e5-b466-403c-9683-a2d3fe260a73,Elizabeth Pineda,qdelgado@barnes.biz,2023-12-26,Guyana,33,11,105571,False
7f557b07-d309-4959-a799-9f692661e7a8,Johnny Alvarez,pglover@yahoo.com,2024-09-05,Antarctica (the territory South of 60 deg S),58,44,55173,False
e5b56a29-f5e9-4bf4-a792-877ac050a505,Samuel Lane,david04@anderson.info,2024-11-06,Ethiopia,36,25,114422,True
f1be26ac-7a26-44a4-b19f-9103123851e8,Wendy Williams,jwillis@archer-torres.com,2023-09-25,Saint Pierre and Miquelon,42,69,53776,True
502b26e4-0d08-447d-b0bf-3d935355335d,Laura Martinez,omurray@beard.net,2023-08-30,Brazil,28,43,52770,False
ec9a577b-4f97-45e8-a8a3-605e27b02bfa,Bradley Manning,jwells@yahoo.com,2025-06-25,Portugal,26,67,52909,False
bfe6aba5-6f51-450d-b498-fe8841f6c99a,Savannah Lozano,tbarnes@potter-jennings.biz,2023-09-18,Tajikistan,63,13,100259,False
70a2c3c4-fe8e-4701-8397-afa740e93a7a,Matthew Erickson,heathercampbell@hotmail.com,2025-03-26,South Georgia and the South Sandwich Islands,23,3,96501,True
d1203741-db18-4970-b21c-f9c49c04ab5b,Patrick Maxwell,mkramer@gmail.com,2024-01-27,Jamaica,54,67,88352,True
95f1fbee-5687-4234-a914-839c178a346f,Brian Mccoy,mjohnson@craig.com,2025-03-14,Palestinian Territory,61,26,68174,False
0cad1007-f9e9-4202-b8f3-7af7f1deeb2f,Joe Foster,dillon68@yahoo.com,2025-06-27,Christmas Island,53,63,93700,False
54fdc275-457c-426a-8a51-735afddc6c71,Raymond Edwards,michaelmyers@bell.biz,2023-07-11,El Salvador,18,29,105994,False
b14da69f-e306-4bc4-a299-1a5ee290e0d8,Samantha Gutierrez DDS,campbellgary@trujillo.biz,2024-11-26,Benin,56,75,33709,True
e8f2da48-9e69-43f1-af53-c40726ee111c,Thomas Mccarthy,robertopruitt@hotmail.com,2025-01-31,Bolivia,65,50,79494,True
5b9651d8-6482-4eab-b66f-2cdd5094b9d4,Eric Solis,melissa95@macdonald.com,2024-03-12,Bulgaria,69,6,80464,False
fb6b9f4f-ae5d-4d1c-b010-a02b2fdb7994,Tara Moody,joshua57@yahoo.com,2024-11-24,Jersey,59,28,66450,True
ef48be1f-de49-4fc0-8ad5-a6a9c0902f5b,Veronica Rice,wedwards@yahoo.com,2024-02-15,Nicaragua,30,31,83331,True
68910d12-7ba7-4e63-8aa6-d9d8cc134959,Danielle White,michaelmcdonald@yahoo.com,2023-07-08,Uzbekistan,36,50,108617,False
eb1d1a62-d220-4a6f-940f-1718ed655635,Kim Perry,alexandra76@liu.com,2024-02-10,Cuba,24,28,86378,False
5f1e954b-e390-4ad3-b186-73212f8986b9,Michael Brown,solischristian@gmail.com,2024-09-07,Gibraltar,45,35,45515,True
699d101d-a93f-4a03-9fce-4993b3390c69,Heather Woodward,davidjohnson@hotmail.com,2025-05-21,Norfolk Island,39,60,82308,False
d0b69f6e-572a-42b9-99fd-9a6688fdba11,Dr. Anthony Brown,watkinscourtney@hotmail.com,2024-06-29,Wallis and Futuna,57,16,67183,True
9c7b5b3a-f609-4a44-b7c0-4f99aa15b405,Chad Walton MD,jvillarreal@gmail.com,2023-11-09,Norfolk Island,32,31,58967,False
63e9ca02-ff68-4e3e-97e1-57279e6830aa,Christina Allen,loriosborne@ingram.com,2024-05-09,Spain,65,42,83166,False
ea65735d-3d3c-4948-b1ed-80de2a0feea1,Donna Blackwell,hcopeland@yahoo.com,2024-11-30,Wallis and Futuna,61,38,40789,True
74131b68-f384-4e6a-8fe0-dd286928b638,Kimberly Brown,martindouglas@dominguez.biz,2023-09-13,Luxembourg,63,87,103882,True
73323b6d-dd3a-45be-a305-8ee8bc1c1047,Elizabeth Farrell,acox@henry-gibson.com,2023-08-21,French Guiana,25,87,119670,False
40a5a1e7-470f-4a10-988d-3583498a366d,Jesse Roberts,brian01@gmail.com,2024-12-20,Myanmar,20,33,119467,False
6d3e431f-b230-4238-bd90-dffaedd041b1,Bethany Jones,pmorales@robinson.net,2025-04-12,Guatemala,48,9,108639,True
11f23cef-aa77-4649-a3d5-a1f13b7fd795,Jonathan Chapman,johnyoung@yahoo.com,2024-05-30,Saint Vincent and the Grenadines,29,46,100616,False
275baef1-e6b1-4055-a717-313e913eea1d,Kyle Martin,nicolebrock@hotmail.com,2023-10-19,Denmark,45,44,104179,True
0e288b36-9b6b-40a1-af65-a6303bae5565,Sarah Jimenez,stevenferguson@campbell.com,2025-04-09,Tanzania,32,57,94235,False
16f46b15-b40e-44f6-a822-3bf108c46ae0,Amanda Ramirez,dgreen@yahoo.com,2024-04-20,Uruguay,47,34,51232,True
bef52527-f5b3-4674-b6b9-aac698c0c651,Bonnie Velasquez,whitemichelle@hotmail.com,2025-04-19,Northern Mariana Islands,30,91,99217,True
45b3e4ef-6b57-4a9f-9b8d-e7d8e9538e61,Charles Tapia MD,hernandezdaniel@jenkins-sheppard.org,2024-01-01,Samoa,37,23,82066,False
ab6b4060-b7cb-4952-966e-32169da1c2e9,Gregory Jones,asimon@yahoo.com,2024-04-02,Burundi,18,9,60804,False
c9405b53-b304-4eb0-a835-e38dce3f9488,Melvin Murphy,awiggins@day.info,2024-03-10,Bermuda,61,99,60707,True
14b76d2a-2af0-4832-89d5-7240377ae7a0,David Gray,heather77@davis.com,2023-08-25,Morocco,51,37,93074,True
0b6d2d2a-fefe-40a4-bf0f-ff78bcfb4a99,Brooke Thompson,michaelmoody@zimmerman-murray.org,2025-06-19,Nigeria,40,66,104692,False
6125ccca-2b2f-4b2e-b277-630398e475ba,Jennifer Young,jennifer52@roberts.info,2025-02-23,Azerbaijan,66,31,67976,True
13748b41-dc66-4043-8253-03e73282e7f1,James Leonard,cynthiadean@thomas.com,2024-02-26,Iran,66,66,65197,True
2f3344d0-3a53-401c-bc5a-0368849e346d,Jessica Allison,shannonguerra@arnold.com,2023-10-06,Montenegro,32,75,115459,True
b906063c-7893-4261-9b4f-2711c24b50cc,Antonio Shields,virginiawebb@gibbs.com,2025-02-22,Hungary,47,22,32723,True
e37aac5f-f501-475b-9518-1778583bd6e8,Theresa Johnson,martinreese@gardner.org,2025-06-29,Belgium,36,90,40605,True
0efbb542-3c8e-477a-a540-40d6aa2df22a,Rachael Davis,scott51@hotmail.com,2023-12-22,Timor-Leste,19,96,42719,True
7c9e4618-9323-4c8a-bd14-4cb96cf0c79c,Laura Allen,figueroaeric@villanueva-bates.com,2024-11-09,American Samoa,69,57,47977,False
9a1be3e8-c583-4e51-837f-4432737d3f1e,Carl Sanford,anna63@thompson-anderson.com,2024-05-04,Morocco,33,7,70341,True
8f12c296-07cd-4971-8fa9-c9a9dc49bb53,Michael Smith,cherylbutler@williams.com,2024-11-17,Malawi,58,32,79956,False
f75ae7e9-d5a8-49b9-9a06-ac13ec26dd3a,Benjamin Martinez,charlescordova@lewis-washington.com,2024-06-11,Uganda,34,91,23469,False
1efada19-e6fd-4846-9913-5e38bc3d6e2d,Colleen Lowe,amy73@gmail.com,2023-08-30,Wallis and Futuna,32,57,78925,True
270cdb59-1ee9-4135-914d-2a6cec6f4651,Sarah Galloway,fjohnson@yahoo.com,2024-11-30,Liechtenstein,32,95,98308,True
d70f045a-50f7-4fb0-8baf-3119eb74639c,Jennifer Young,christopherrodriguez@evans.com,2023-07-12,Lithuania,53,78,43628,False
48871a4c-5c01-4c13-91ad-ee20446ff021,April Atkinson,sarah84@cobb-hicks.com,2024-01-18,Korea,53,25,53426,True
e00f7652-7ca0-46f7-8b8c-5fb475298dbc,Jonathan Jones,mccalljack@blackwell-combs.com,2025-03-04,Israel,31,1,31160,False
b0fe5a7e-cd94-4291-bc42-b0dfaec43c6c,Craig Carpenter,lynchtara@gmail.com,2023-12-31,Ecuador,63,5,48780,False
0ffcd856-6633-4de0-bf6a-5b2cdc3cb12c,Erica Costa,taylormartin@hotmail.com,2023-11-10,Georgia,30,77,111093,True
0e81292c-9d0f-4064-b0fb-536c8453630b,Jordan Smith,lynnderrick@gmail.com,2025-03-22,Belarus,51,71,81274,False
98900cbc-3ce4-4544-8a24-dd45d4b0c645,Janet Miller,dbooth@ewing-evans.biz,2023-08-17,Cuba,54,76,119406,True
131628e0-0b89-42ce-ac58-d82ca00e35b4,Louis Gonzalez,vjennings@short.com,2024-10-19,Vietnam,29,42,38797,True
67ecd141-c91f-406d-bc36-588a3953bed9,Casey Obrien,rodriguezdawn@cook.com,2025-06-12,Congo,58,58,76261,True
e09e03b6-2f51-4cd5-b67e-d468f4d3d187,Penny Simpson,andersonbrandon@sanchez.net,2024-10-31,Morocco,48,9,103855,True
ece3786d-6d49-4175-8b43-e78d90072812,Alyssa Castro,larrysmith@rodgers-clark.com,2025-03-20,Isle of Man,45,90,116793,False
33731da9-d715-420d-9e27-7738415aa81d,Carmen Williams,petersonrebecca@harmon-williams.info,2024-07-02,Afghanistan,60,74,33599,True
e7650bc9-133e-4f50-bda2-866355ffe984,Alex Bailey,halebryan@marks.biz,2024-02-18,Myanmar,52,69,57433,True
258b456a-3285-4a90-a1e8-57086e5189c3,David Young,sarah24@hotmail.com,2024-04-02,Montenegro,29,38,30633,True
45b122e3-473b-42ea-9542-441b98945512,Jeffrey Buckley,folson@sutton.com,2024-11-22,Albania,29,75,56350,False
7e8b36da-e182-446d-bbc0-48b5abbd07dc,Timothy Larsen,andrew65@hill.com,2024-07-12,Saint Barthelemy,44,40,41721,True
d408984f-7feb-4e81-9f23-e6442ee363ad,Susan Daniels,hannaholsen@green.com,2024-03-23,Central African Republic,42,68,57670,False
0d959d07-2a89-4858-9665-f3368578cb3f,Susan Pruitt,echan@gmail.com,2024-12-26,Netherlands Antilles,55,23,62272,True
bf77c085-cdac-44c1-823a-db5915cd3733,Nicole Rios,raymondsmith@gmail.com,2024-02-05,Bhutan,29,51,45603,True
a78f0390-1aca-45b5-93c8-ea60ed3a2b41,Sabrina Cervantes,katherine70@barber-baker.net,2024-10-04,French Southern Territories,24,9,100994,True
03918a4e-cfa5-4a9e-837c-780767d95056,Frank Hines,yangelizabeth@hotmail.com,2024-12-30,Belize,56,54,85424,True
2de7878b-5bef-4ce9-8471-23fb863d8df4,Jamie Jordan,clarksandra@hotmail.com,2023-07-15,Pakistan,21,22,44812,False
dbeb0766-e3c3-4cd5-9364-4d04a8f4ed4b,Stephanie Jacobs,rojasluis@gmail.com,2024-06-23,Saint Helena,63,91,33899,True
5924bbd7-73d7-484e-83cc-cdd51bafdbf7,Gregory Thompson,wesley86@hotmail.com,2025-03-05,Ethiopia,52,52,116057,True
ed110b51-5c07-4cf1-bce3-4dbe9a339214,Michael Griffin,tlee@yahoo.com,2024-07-01,Trinidad and Tobago,66,5,42133,True
4801af8c-c56e-40fb-9c74-120ecb97b8cf,Linda Norman,vbrown@yahoo.com,2024-04-02,Niger,33,70,85441,False
72d2e638-370c-4550-b827-9cceced3e426,Jennifer Holt,nodom@gmail.com,2023-12-30,Denmark,68,23,28395,False
1758ed56-816d-4876-b9fd-b65532c8827c,Deborah Munoz,bwright@yahoo.com,2025-04-19,Ireland,64,36,28678,False
4949dd0f-738a-4051-8a95-2e9df162eea8,Robert Miller,rachelwilliams@holt-dunn.com,2023-08-24,Albania,67,56,115372,True
b1001de4-d094-423c-8714-e9a514510d72,Christopher Walsh,ricky57@thompson.org,2024-10-14,Kenya,48,18,98481,True
326c549e-e36f-422c-8be7-5ab97873f058,David Bullock,eweaver@davis.com,2023-12-22,Uzbekistan,31,93,37327,True
ab9a6e99-741c-4bce-80d8-415430ad528f,Tonya Brown,james75@hotmail.com,2024-12-20,Serbia,22,90,80025,False
624c0ed6-e0d5-443d-9bfd-c54ceb5fb91e,Brent Williamson,shannon31@yahoo.com,2023-07-16,Tuvalu,64,88,62755,False
e24130c3-9d7b-4407-9530-80863c6cfba7,Heidi Lee,anthonysmith@castillo-gonzales.com,2024-02-26,Tuvalu,31,4,41457,True
755490b8-bb63-4556-af49-6dd243d0b98c,Regina Dunn,xsmith@foley-george.org,2024-01-24,Mali,57,31,54336,True
8eabcdea-39ad-45fb-ac05-cfc80f9f262a,Casey Simon,pcline@hotmail.com,2024-06-21,Maldives,41,52,96804,True
728e106b-7a7b-4bb9-b5ee-756fce6d3c56,Michael Adams,amydouglas@stone.org,2025-01-21,Peru,45,55,89931,False
071d4acf-1b0e-4ed9-8e3b-4d9e7a9f5f02,Matthew Green,natalie63@moyer-perez.info,2024-04-22,Nicaragua,48,95,72390,True
aac8bbb6-81a7-40aa-8bdf-d68343203765,Amy Myers,jaime98@hotmail.com,2025-06-26,Gambia,66,64,40766,True
96be98f4-0b7c-41b0-bd72-cde86136500f,Craig Hamilton,brandontaylor@hotmail.com,2023-08-25,Angola,62,37,79007,True
6d23aca9-e3c8-4c3f-a0a1-78dc8fef04ec,Tammy Hart,carrkenneth@miller.com,2024-04-30,Saint Helena,26,38,71192,False
e461114a-a994-48e8-b3f9-74141cde1d08,Annette Prince,stevennielsen@yahoo.com,2023-09-10,Pitcairn Islands,28,98,107379,False
32614e44-0cda-4857-bcbf-ad311494f393,Chad Clark,fishersarah@wood.biz,2024-05-08,Estonia,30,82,67760,False
9be5309d-435e-432f-8375-5a2ca577b36a,Brian Warner,christopheralvarado@hernandez-williamson.com,2023-10-22,Kenya,45,44,111820,False
0ef76006-7b0c-44fe-bf5a-6f1f856ab501,Christina Mcneil,vhansen@jenkins-myers.com,2024-03-07,Estonia,28,17,91278,False
8990d95d-b8c5-4755-803c-399753108c74,Elizabeth Richardson,bgoodman@hotmail.com,2023-12-21,Reunion,66,2,118793,False
de882120-2c69-44e9-859b-cdf694a9edeb,Anita Shields,mark38@gmail.com,2024-08-30,Kuwait,29,24,22932,True
d98be74f-1dd0-4802-b0c9-c1f53e00592a,Ryan Clarke,rossryan@dunn-herrera.org,2025-02-12,Tanzania,31,65,68043,False
7245ab6d-bca6-44d1-8a66-c7c561cb63c6,Maria Harris,ncuevas@yahoo.com,2024-03-29,Saint Pierre and Miquelon,67,10,102988,False
d6cdfdaf-c624-4a64-a48b-421ee9110950,Lori Norman,ramireztammie@hughes.com,2024-04-19,Russian Federation,59,16,69665,True
3b3c4229-70e8-4573-a29f-33dab56aef35,Kyle Palmer,lindascott@hotmail.com,2024-10-29,Gabon,66,67,119453,False
7f8661eb-8227-40d6-a53d-7b905013d31f,Antonio Roberts,james78@young.biz,2024-12-17,Bermuda,64,14,47215,False
c612607b-8b69-4905-9e16-18dc97c2ca05,Todd Roach,joneschristina@yahoo.com,2025-02-17,Lithuania,59,12,107719,False
cfc293f5-9fa1-43a4-86f1-4ba1b030baa1,Joann Thompson,wyoung@yahoo.com,2024-05-15,Venezuela,22,10,42617,False
882bad77-a69b-4e25-8132-e092f26a8e63,Donald Savage,brittany97@jones-morales.com,2023-07-14,Poland,52,78,57199,False
dd9a0562-f6df-4dee-8b23-da58e1ba5f06,Erin Bender,erikamurray@gmail.com,2024-08-14,Peru,53,97,62852,False
1072718c-7818-4dc1-9175-f6ff3470e1ab,Angela Clark,richard45@yahoo.com,2024-08-05,Bahamas,59,79,45533,True
